{
    "en": {
      "heroText": "NutriHelp supports you in managing your general wellbeing, nutrient-related diseases and deficiencies through personalised nutrition advice",
      "getStarted": "Get Started",
      "aboutTitle": "NutriHelp",
      "aboutDescription": "NutriHelp offers personalized nutrition and wellness solutions to support your health.",
      "servicesTitle": "Services",
      "servicesDescription": "At NutriHelp, we offer a range of services designed to support your overall well-being and nutritional needs.",
      "mealPlanning": "Meal Planning",
      "mealPlanningDescription": "Access a variety of nutritious meal plans and recipes designed to meet your everyday nutritional needs.",
      "dietaryNeeds": "Dietary Needs",
      "dietaryNeedsDescription": "Our meal planning services cater to specific dietary requirements, allowing you to customize meal plans.",
      "createRecipes": "Create Recipes",
      "createRecipesDescription": "Create your own personalized recipes tailored to your taste preferences.",
      "productScanning": "Product Scanning",
      "productScanningDescription": "Upload an image of a product to analyze its nutritional content.",
      "contactTitle": "Contact",
      "contactDescription": "Have questions or need assistance? Reach out to us! We are here to help you with any inquiries you may have.",
      "subscribe": "Subscribe to our Newsletter",
      "subscribeDescription": "Lorem ipsum dolor sit amet consecte.",
      "submit": "Submit"
    },
    "zh": {
      "heroText": "NutriHelp通过个性化营养建议支持您管理整体健康、营养相关的疾病和缺陷",
      "getStarted": "开始使用",
      "aboutTitle": "NutriHelp",
      "aboutDescription": "NutriHelp 提供个性化的营养和健康解决方案来支持您的健康。",
      "servicesTitle": "服务",
      "servicesDescription": "在 NutriHelp，我们提供一系列旨在支持您整体健康和营养需求的服务。",
      "mealPlanning": "膳食规划",
      "mealPlanningDescription": "获取各种营养餐计划和食谱，以满足您的日常营养需求。",
      "dietaryNeeds": "饮食需求",
      "dietaryNeedsDescription": "我们的膳食规划服务满足特定的饮食需求，允许您自定义膳食计划。",
      "createRecipes": "创建食谱",
      "createRecipesDescription": "根据您的口味偏好定制个性化食谱。",
      "productScanning": "产品扫描",
      "productScanningDescription": "上传产品图片以分析其营养成分。",
      "contactTitle": "联系我们",
      "contactDescription": "有问题或需要帮助？请联系我们！我们会尽力帮助您。",
      "subscribe": "订阅我们的新闻",
      "subscribeDescription": "Lorem ipsum dolor sit amet consecte.",
      "submit": "提交"
    },
    "fr": {
      "heroText": "NutriHelp vous aide à gérer votre bien-être général, les maladies et carences nutritionnelles grâce à des conseils nutritionnels personnalisés",
      "getStarted": "Commencer",
      "aboutTitle": "NutriHelp",
      "aboutDescription": "NutriHelp propose des solutions personnalisées de nutrition et de bien-être pour soutenir votre santé.",
      "servicesTitle": "Services",
      "servicesDescription": "Chez NutriHelp, nous offrons une gamme de services conçus pour soutenir votre bien-être général et vos besoins nutritionnels.",
      "mealPlanning": "Planification des repas",
      "mealPlanningDescription": "Accédez à une variété de plans de repas nutritifs et de recettes pour répondre à vos besoins nutritionnels quotidiens.",
      "dietaryNeeds": "Besoins alimentaires",
      "dietaryNeedsDescription": "Nos services de planification des repas répondent à des besoins alimentaires spécifiques, vous permettant de personnaliser les plans.",
      "createRecipes": "Créer des recettes",
      "createRecipesDescription": "Créez vos propres recettes personnalisées adaptées à vos préférences gustatives.",
      "productScanning": "Numérisation de produits",
      "productScanningDescription": "Téléchargez une image d'un produit pour analyser son contenu nutritionnel.",
      "contactTitle": "Contact",
      "contactDescription": "Vous avez des questions ou besoin d'aide ? Contactez-nous ! Nous sommes là pour vous aider.",
      "subscribe": "Abonnez-vous à notre Newsletter",
      "subscribeDescription": "Lorem ipsum dolor sit amet consecte.",
      "submit": "Soumettre"
    },
    "es": {
      "heroText": "NutriHelp te ayuda a gestionar tu bienestar general, enfermedades y deficiencias relacionadas con los nutrientes mediante asesoramiento nutricional personalizado",
      "getStarted": "Empezar",
      "aboutTitle": "NutriHelp",
      "aboutDescription": "NutriHelp ofrece soluciones personalizadas de nutrición y bienestar para apoyar tu salud.",
      "servicesTitle": "Servicios",
      "servicesDescription": "En NutriHelp, ofrecemos una variedad de servicios diseñados para apoyar tu bienestar general y tus necesidades nutricionales.",
      "mealPlanning": "Planificación de comidas",
      "mealPlanningDescription": "Accede a una variedad de planes de comidas y recetas nutritivas para satisfacer tus necesidades nutricionales diarias.",
      "dietaryNeeds": "Necesidades dietéticas",
      "dietaryNeedsDescription": "Nuestros servicios de planificación de comidas se adaptan a requisitos dietéticos específicos, permitiéndote personalizar los planes.",
      "createRecipes": "Crear recetas",
      "createRecipesDescription": "Crea tus propias recetas personalizadas según tus preferencias de sabor.",
      "productScanning": "Escaneo de productos",
      "productScanningDescription": "Sube una imagen de un producto para analizar su contenido nutricional.",
      "contactTitle": "Contacto",
      "contactDescription": "¿Tienes preguntas o necesitas asistencia? ¡Contáctanos! Estamos aquí para ayudarte.",
      "subscribe": "Suscríbete a nuestro boletín",
      "subscribeDescription": "Lorem ipsum dolor sit amet consecte.",
      "submit": "Enviar"
    }
  }
  
  